<?xml version="1.0" encoding="UTF-8"?>

<!--
General ant build file for play applications.
-->
<project>

    <property name="test.start.delay" value="5"/>
    <property name="application.path" value="${basedir}"/>
    <property name="play.id" value=""/>
    <property name="precompiled" value="false"/>

    <echo message="Using play at ${play.path}"/>

    <!-- classpath including play classes and dependencies -->
    <path id="play.classpath">
        <fileset dir="${play.path}/framework/lib">
            <include name="*.jar"/>
        </fileset>
        <fileset dir="${play.path}/framework">
            <include name="*.jar"/>
        </fileset>
    </path>

    <!-- classpath including application dependencies -->
    <path id="application.classpath">
        <fileset dir="${basedir}/lib" erroronmissingdir="false">
            <include name="*.jar"/>
        </fileset>
    </path>

    <!-- additional classpath for running play in test mode -->
    <path id="test.classpath">
        <path refid="play.classpath"/>
        <fileset dir="${play.path}/modules/testrunner/lib">
            <include name="*.jar"/>
        </fileset>
    </path>

    <!-- classpath for firephoque test runner -->
    <path id="testrunner.classpath">
        <fileset dir="${play.path}/modules/testrunner/lib">
            <include name="*.jar"/>
        </fileset>
        <fileset dir="${play.path}/modules/testrunner/firephoque">
            <include name="*.jar"/>
        </fileset>
    </path>

    <!-- macro for the play python script in case you need it
         usage example:
            <target name="help">
                <play-python command="help"/>
            </target>
    -->
    <macrodef name="play-python">
        <attribute name="command"/>
        <attribute name="options"/>
        <sequential>
            <exec executable="cmd.exe" osfamily="winnt">
                <arg line="/c ${play.path}/play.bat @{command} @{options}"/>
            </exec>
            <exec executable="python" osfamily="unix">
                <arg line="${play.path}/play @{command} @{options}"/>
            </exec>
        </sequential>
    </macrodef>

    <taskdef classname="play.ant.PlayConfigurationLoadTask" name="playconfload">
        <classpath>
            <pathelement location="${play.antify.path}/lib/antify.jar"/>
        </classpath>
    </taskdef>

    <target name="clean" description="Cleans build and test directories">
        <delete dir="${basedir}/tmp"/>
        <delete dir="${basedir}/test-result"/>
    </target>

    <target name="run" description="Runs the application">
        <playconfload applicationDir="${basedir}" playId="${play.id}"/>
        <java classname="play.server.Server" fork="yes" failonerror="yes">
            <classpath>
                <path refid="play.classpath"/>
                <path refid="modules.classpath"/>
                <path refid="application.classpath"/>
            </classpath>
            <jvmarg line="-javaagent:${play.path}/framework/play.jar -Xdebug -Xrunjdwp:transport=dt_socket,address=8000,server=y,suspend=n"/>
            <sysproperty key="play.id" value="${play.id}"/>
            <sysproperty key="play.debug" value="true"/>
            <sysproperty key="precompiled" value="${precompiled}"/>
            <sysproperty key="application.path" value="${basedir}"/>
        </java>
    </target>

    <target name="test" description="Run the application in test mode">
        <playconfload applicationDir="${basedir}" playId="test"/>
        <java classname="play.server.Server" fork="yes" failonerror="yes">
            <classpath>
                <path refid="test.classpath"/>
                <path refid="modules.classpath"/>
                <path refid="application.classpath"/>
            </classpath>
            <jvmarg line="-javaagent:${play.path}/framework/play.jar -Xdebug -Xrunjdwp:transport=dt_socket,address=8000,server=y,suspend=n"/>
            <sysproperty key="play.id" value="test"/>
            <sysproperty key="play.debug" value="true"/>
            <sysproperty key="application.path" value="${basedir}"/>
        </java>
    </target>

    <target name="precompile" description="Compile all java sources and templates">
        <playconfload applicationDir="${basedir}" playId="${play.id}"/>
        <java classname="play.server.Server" fork="yes" failonerror="yes">
            <classpath>
                <path refid="play.classpath"/>
                <path refid="modules.classpath"/>
                <path refid="application.classpath"/>
            </classpath>
            <jvmarg line="-javaagent:${play.path}/framework/play.jar"/>
            <sysproperty key="application.path" value="${basedir}"/>
            <sysproperty key="play.id" value=""/>
            <sysproperty key="precompile" value="true"/>
        </java>
    </target>

    <target name="auto-test" description="Automatically run all application tests">

        <playconfload applicationDir="${basedir}" playId="test"/>
        <property name="application.conf.http.port" value="9000"/>
        <property name="application.url" value="http://localhost:${application.conf.http.port}"/>
        <get verbose="false" ignoreerrors="true" src="${application.url}/@kill" dest="${basedir}/test-result/auto-test-@kill.html"/>
        <delete dir="${basedir}/tmp"/>
        <delete dir="${basedir}/test-result"/>

        <property name="server.log" value="${basedir}/logs/auto-test.out"/>
        <mkdir dir="${basedir}/logs"/>
        <echo message="Starting server and redirecting output to ${server.log}"/>

        <parallel>
            <java classname="play.server.Server" fork="yes" failonerror="true">
                <classpath>
                    <path refid="test.classpath"/>
                    <path refid="modules.classpath"/>
                    <path refid="application.classpath"/>
                </classpath>
                <jvmarg line="-javaagent:${play.path}/framework/play.jar"/>
                <sysproperty key="play.id" value="test"/>
                <sysproperty key="application.path" value="${basedir}"/>
            </java>

            <sequential>
                <echo message="Waiting for the server to start up at ${application.url}/@tests"/>
                <sleep seconds="${test.start.delay}"/>
                <get verbose="false" ignoreerrors="false" src="${application.url}/@tests"
                     dest="${basedir}/test-result/auto-test-@tests.html"/>

                <echo message="Testing server at: ${application.url}"/>
                <java classname="play.modules.testrunner.FirePhoque" fork="yes" failonerror="yes">
                    <classpath refid="testrunner.classpath"/>
                    <sysproperty key="application.url" value="${application.url}"/>
                </java>

                <echo message="Shutting down server"/>
                <get verbose="false" ignoreerrors="true" src="${application.url}/@kill"
                     dest="${basedir}/test-result/auto-test-@kill.html"/>
            </sequential>
        </parallel>

        <fail message="There were test failures.">
            <condition>
                <not>
                    <resourcecount count="1">
                        <fileset dir="${basedir}/test-result" includes="result.passed"/>
                    </resourcecount>
                </not>
            </condition>
        </fail>

    </target>

    <target name="package" depends="clean,precompile" description="Packages your application into a zip file package">
        <mkdir dir="dist"/>
        <zip file="dist/${ant.project.name}.zip">
            <fileset dir="${basedir}">
                <include name="precompiled/**"/>
                <include name="conf/**"/>
                <include name="public/**"/>
                <include name="lib/**"/>
                <include name="app/**"/>
                <include name="*.xml"/>
            </fileset>
        </zip>
    </target>

    <target name="start" description="Start the application in the background">
        <play-python command="start" options="--%${play.id}"/>
    </target>

    <target name="restart" description="Restart the running application">
        <play-python command="restart" options="--%${play.id}"/>
    </target>

    <target name="stop" description="Stop the running application">
        <play-python command="stop" options="--%${play.id}"/>
    </target>

</project>
