<!-- Indices written at Tue, 18 May 2010 08:54:43 EST -->

<datastore-indexes>

    <!-- Used 4 times in query history -->
    <datastore-index kind="Flight" ancestor="false" source="auto">
        <property name="owner" direction="asc"/>
        <property name="pilot" direction="asc"/>
    </datastore-index>

    <!-- Used 1 time in query history -->
    <datastore-index kind="Passenger" ancestor="true" source="auto">
        <property name="lastName" direction="asc"/>
    </datastore-index>

    <!-- Used 1 time in query history -->
    <datastore-index kind="Passenger" ancestor="false" source="auto">
        <property name="owner" direction="asc"/>
        <property name="lastName" direction="asc"/>
    </datastore-index>

</datastore-indexes>
